run_name,run_dir,config,rec_mode,epoch,lmbd_l1,lmbd_rec,n_samples,mae_gauss,mse_gauss,psnr_db,ssim_gauss
mse/dim_128,/home/enrique.pardo.garcia/MIDOGpp/scriptsv2/experiments/1_checkpoints/mse/dim_128/best,mse_aug,mse,1956,1.0,1.0,5257,0.19350394742055374,0.07127659700133583,19.428077571592166,0.6492329727519642
mae/dim_128,/home/enrique.pardo.garcia/MIDOGpp/scriptsv2/experiments/1_checkpoints/mae/dim_128/best,mae_aug,mae,1531,1.0,1.0,5257,0.19527209617874838,0.07510829175060446,18.569631594571998,0.647695313800465
ssim/dim_128,/home/enrique.pardo.garcia/MIDOGpp/scriptsv2/experiments/1_checkpoints/ssim/dim_128/best,ssim_aug,ssim,1997,1.0,1.0,5257,0.20045236294919794,0.08138864961537448,16.647302712221688,0.6694286303086714

# Tabla: BEST.PT
# Diseño evaluacion: Opcion B — mascara gaussiana en todas las metricas
# SSIM gaussiano: implementacion manual con mascara centrada (no ignite)
# Evaluacion sobre interseccion de test sets: 5257 muestras
# shared_test_json: /home/enrique.pardo.garcia/MIDOGpp/scriptsv2/experiments/2_metrics/global_comparison/shared_test_20260817_173650.json
# Runs: mse/dim_128, mae/dim_128, ssim/dim_128
# NOTA: cada modelo fue entrenado con su propio split 80/20 aleatorio.
#       Se usa la interseccion de los test sets para comparacion justa.
